{"MSE": 2.4482660277135895, "_timestamp": 1685977466.1640399, "_runtime": 7.239629745483398, "_step": 0, "_wandb": {"runtime": 6}}