{"MSE": 2.452713701349305, "_timestamp": 1685977531.866414, "_runtime": 3.561004161834717, "_step": 0, "_wandb": {"runtime": 3}}