{"MSE": 2.453904671974687, "_timestamp": 1685977499.735837, "_runtime": 2.9078030586242676, "_step": 0, "_wandb": {"runtime": 2}}