{"MSE": 2.4552142968998676, "_timestamp": 1685977516.776321, "_runtime": 4.40633487701416, "_step": 0, "_wandb": {"runtime": 4}}