{"MSE": 2.456500013944304, "_timestamp": 1685977483.15576, "_runtime": 2.4661591053009033, "_step": 0, "_wandb": {"runtime": 2}}